{"summaries":[{"symbol":{"__symbol":0,"members":[]},"metadata":{"__symbolic":"class"},"type":{"summaryKind":1,"type":{"reference":{"__symbol":0,"members":[]},"diDeps":[],"lifecycleHooks":[0]},"isComponent":true,"selector":"app","inputs":{},"outputs":{},"hostListeners":{},"hostProperties":{},"hostAttributes":{},"providers":[],"viewProviders":[],"queries":[],"viewQueries":[],"entryComponents":[],"changeDetection":1,"template":{"animations":[],"ngContentSelectors":[],"encapsulation":2},"componentViewType":{"__symbol":2,"members":[]},"rendererType":{"__symbol":3,"members":[]},"componentFactory":{"__symbol":4,"members":[]}}},{"symbol":{"__symbol":1,"members":[]},"metadata":{"__symbolic":"class"},"type":{"summaryKind":1,"type":{"reference":{"__symbol":1,"members":[]},"diDeps":[],"lifecycleHooks":[0]},"isComponent":true,"selector":"ng-component","inputs":{},"outputs":{},"hostListeners":{},"hostProperties":{},"hostAttributes":{},"providers":[],"viewProviders":[],"queries":[],"viewQueries":[],"entryComponents":[],"changeDetection":1,"template":{"animations":[],"ngContentSelectors":[],"encapsulation":2},"componentViewType":{"__symbol":5,"members":[]},"rendererType":{"__symbol":6,"members":[]},"componentFactory":{"__symbol":7,"members":[]}}}],"symbols":[{"__symbol":0,"name":"AppComponent","filePath":"/Users/zhaoxinliu/ng-kux/src/app/app.component.d.ts"},{"__symbol":1,"name":"AppRouteComponent","filePath":"/Users/zhaoxinliu/ng-kux/src/app/app.component.d.ts"},{"__symbol":2,"name":"View_AppComponent_0","filePath":"/Users/zhaoxinliu/ng-kux/src/app/app.component.ngfactory.d.ts"},{"__symbol":3,"name":"RenderType_AppComponent","filePath":"/Users/zhaoxinliu/ng-kux/src/app/app.component.ngfactory.d.ts"},{"__symbol":4,"name":"AppComponentNgFactory","filePath":"/Users/zhaoxinliu/ng-kux/src/app/app.component.ngfactory.d.ts"},{"__symbol":5,"name":"View_AppRouteComponent_0","filePath":"/Users/zhaoxinliu/ng-kux/src/app/app.component.ngfactory.d.ts"},{"__symbol":6,"name":"RenderType_AppRouteComponent","filePath":"/Users/zhaoxinliu/ng-kux/src/app/app.component.ngfactory.d.ts"},{"__symbol":7,"name":"AppRouteComponentNgFactory","filePath":"/Users/zhaoxinliu/ng-kux/src/app/app.component.ngfactory.d.ts"}]}