{"summaries":[{"symbol":{"__symbol":0,"members":[]},"metadata":{"__symbolic":"class"},"type":{"summaryKind":2,"type":{"reference":{"__symbol":0,"members":[]},"diDeps":[{"isAttribute":false,"isHost":false,"isSelf":false,"isSkipSelf":false,"isOptional":false,"token":{"identifier":{"reference":{"__symbol":1,"members":[]}}}},{"isAttribute":false,"isHost":false,"isSelf":false,"isSkipSelf":false,"isOptional":false,"token":{"identifier":{"reference":{"__symbol":2,"members":[]}}}}],"lifecycleHooks":[]},"entryComponents":[{"componentType":{"__symbol":3,"members":[]},"componentFactory":{"__symbol":4,"members":[]}},{"componentType":{"__symbol":5,"members":[]},"componentFactory":{"__symbol":6,"members":[]}}],"providers":[{"provider":{"token":{"identifier":{"reference":{"__symbol":7,"members":[]}}},"useClass":{"reference":{"__symbol":8,"members":[]},"diDeps":[{"isAttribute":false,"isHost":false,"isSelf":false,"isSkipSelf":false,"isOptional":false,"token":{"identifier":{"reference":{"__symbol":9,"members":[]}}}}],"lifecycleHooks":[]},"useFactory":null,"useExisting":null,"deps":[{"isAttribute":false,"isHost":false,"isSelf":false,"isSkipSelf":false,"isOptional":false,"token":{"identifier":{"reference":{"__symbol":9,"members":[]}}}}],"multi":false},"module":{"reference":{"__symbol":10,"members":[]},"diDeps":[],"lifecycleHooks":[]}},{"provider":{"token":{"identifier":{"reference":{"__symbol":11,"members":[]},"diDeps":[{"isAttribute":false,"isHost":false,"isSelf":false,"isSkipSelf":false,"isOptional":false,"token":{"identifier":{"reference":{"__symbol":12,"members":[]}}}},{"isAttribute":false,"isHost":false,"isSelf":false,"isSkipSelf":false,"isOptional":false,"token":{"identifier":{"reference":{"__symbol":13,"members":[]}}}},{"isAttribute":false,"isHost":false,"isSelf":false,"isSkipSelf":false,"isOptional":false,"token":{"identifier":{"reference":{"__symbol":14,"members":[]}}}},{"isAttribute":false,"isHost":false,"isSelf":false,"isSkipSelf":false,"isOptional":false,"token":{"identifier":{"reference":{"__symbol":15,"members":[]}}}},{"isAttribute":false,"isHost":false,"isSelf":false,"isSkipSelf":false,"isOptional":false,"token":{"identifier":{"reference":{"__symbol":16,"members":[]}}}},{"isAttribute":false,"isHost":false,"isSelf":false,"isSkipSelf":false,"isOptional":false,"token":{"identifier":{"reference":{"__symbol":17,"members":[]}}}}],"lifecycleHooks":[1]}},"useClass":{"reference":{"__symbol":11,"members":[]},"diDeps":[{"isAttribute":false,"isHost":false,"isSelf":false,"isSkipSelf":false,"isOptional":false,"token":{"identifier":{"reference":{"__symbol":12,"members":[]}}}},{"isAttribute":false,"isHost":false,"isSelf":false,"isSkipSelf":false,"isOptional":false,"token":{"identifier":{"reference":{"__symbol":13,"members":[]}}}},{"isAttribute":false,"isHost":false,"isSelf":false,"isSkipSelf":false,"isOptional":false,"token":{"identifier":{"reference":{"__symbol":14,"members":[]}}}},{"isAttribute":false,"isHost":false,"isSelf":false,"isSkipSelf":false,"isOptional":false,"token":{"identifier":{"reference":{"__symbol":15,"members":[]}}}},{"isAttribute":false,"isHost":false,"isSelf":false,"isSkipSelf":false,"isOptional":false,"token":{"identifier":{"reference":{"__symbol":16,"members":[]}}}},{"isAttribute":false,"isHost":false,"isSelf":false,"isSkipSelf":false,"isOptional":false,"token":{"identifier":{"reference":{"__symbol":17,"members":[]}}}}],"lifecycleHooks":[1]},"useFactory":null,"useExisting":null,"deps":[{"isAttribute":false,"isHost":false,"isSelf":false,"isSkipSelf":false,"isOptional":false,"token":{"identifier":{"reference":{"__symbol":12,"members":[]}}}},{"isAttribute":false,"isHost":false,"isSelf":false,"isSkipSelf":false,"isOptional":false,"token":{"identifier":{"reference":{"__symbol":13,"members":[]}}}},{"isAttribute":false,"isHost":false,"isSelf":false,"isSkipSelf":false,"isOptional":false,"token":{"identifier":{"reference":{"__symbol":14,"members":[]}}}},{"isAttribute":false,"isHost":false,"isSelf":false,"isSkipSelf":false,"isOptional":false,"token":{"identifier":{"reference":{"__symbol":15,"members":[]}}}},{"isAttribute":false,"isHost":false,"isSelf":false,"isSkipSelf":false,"isOptional":false,"token":{"identifier":{"reference":{"__symbol":16,"members":[]}}}},{"isAttribute":false,"isHost":false,"isSelf":false,"isSkipSelf":false,"isOptional":false,"token":{"identifier":{"reference":{"__symbol":17,"members":[]}}}}],"multi":false},"module":{"reference":{"__symbol":18,"members":[]},"diDeps":[{"isAttribute":false,"isHost":false,"isSelf":false,"isSkipSelf":false,"isOptional":false,"token":{"identifier":{"reference":{"__symbol":1,"members":[]}}}}],"lifecycleHooks":[]}},{"provider":{"token":{"identifier":{"reference":{"__symbol":1,"members":[]}}},"useClass":null,"useFactory":null,"useExisting":{"identifier":{"reference":{"__symbol":11,"members":[]}}},"multi":false},"module":{"reference":{"__symbol":18,"members":[]},"diDeps":[{"isAttribute":false,"isHost":false,"isSelf":false,"isSkipSelf":false,"isOptional":false,"token":{"identifier":{"reference":{"__symbol":1,"members":[]}}}}],"lifecycleHooks":[]}},{"provider":{"token":{"identifier":{"reference":{"__symbol":17,"members":[]},"diDeps":[{"isAttribute":false,"isHost":false,"isSelf":false,"isSkipSelf":false,"isOptional":true,"token":{"identifier":{"reference":{"__symbol":19,"members":[]}}}}],"lifecycleHooks":[]}},"useClass":{"reference":{"__symbol":17,"members":[]},"diDeps":[{"isAttribute":false,"isHost":false,"isSelf":false,"isSkipSelf":false,"isOptional":true,"token":{"identifier":{"reference":{"__symbol":19,"members":[]}}}}],"lifecycleHooks":[]},"useFactory":null,"useExisting":null,"deps":[{"isAttribute":false,"isHost":false,"isSelf":false,"isSkipSelf":false,"isOptional":true,"token":{"identifier":{"reference":{"__symbol":19,"members":[]}}}}],"multi":false},"module":{"reference":{"__symbol":18,"members":[]},"diDeps":[{"isAttribute":false,"isHost":false,"isSelf":false,"isSkipSelf":false,"isOptional":false,"token":{"identifier":{"reference":{"__symbol":1,"members":[]}}}}],"lifecycleHooks":[]}},{"provider":{"token":{"identifier":{"reference":{"__symbol":20,"members":[]},"diDeps":[],"lifecycleHooks":[]}},"useClass":{"reference":{"__symbol":20,"members":[]},"diDeps":[],"lifecycleHooks":[]},"useFactory":null,"useExisting":null,"deps":[],"multi":false},"module":{"reference":{"__symbol":18,"members":[]},"diDeps":[{"isAttribute":false,"isHost":false,"isSelf":false,"isSkipSelf":false,"isOptional":false,"token":{"identifier":{"reference":{"__symbol":1,"members":[]}}}}],"lifecycleHooks":[]}},{"provider":{"token":{"identifier":{"reference":{"__symbol":21,"members":[]}}},"useClass":null,"useFactory":{"reference":{"__symbol":22,"members":[]},"diDeps":[]},"useExisting":null,"deps":[],"multi":false},"module":{"reference":{"__symbol":18,"members":[]},"diDeps":[{"isAttribute":false,"isHost":false,"isSelf":false,"isSkipSelf":false,"isOptional":false,"token":{"identifier":{"reference":{"__symbol":1,"members":[]}}}}],"lifecycleHooks":[]}},{"provider":{"token":{"identifier":{"reference":{"__symbol":23,"members":[]}}},"useClass":null,"useFactory":{"reference":{"__symbol":24,"members":[]},"diDeps":[]},"useExisting":null,"deps":[],"multi":false},"module":{"reference":{"__symbol":18,"members":[]},"diDeps":[{"isAttribute":false,"isHost":false,"isSelf":false,"isSkipSelf":false,"isOptional":false,"token":{"identifier":{"reference":{"__symbol":1,"members":[]}}}}],"lifecycleHooks":[]}},{"provider":{"token":{"identifier":{"reference":{"__symbol":25,"members":[]}}},"useClass":null,"useFactory":{"reference":{"__symbol":26,"members":[]},"diDeps":[]},"useExisting":null,"deps":[],"multi":false},"module":{"reference":{"__symbol":18,"members":[]},"diDeps":[{"isAttribute":false,"isHost":false,"isSelf":false,"isSkipSelf":false,"isOptional":false,"token":{"identifier":{"reference":{"__symbol":1,"members":[]}}}}],"lifecycleHooks":[]}},{"provider":{"token":{"identifier":{"reference":{"__symbol":9,"members":[]}}},"useClass":null,"useFactory":{"reference":{"__symbol":27,"members":[]},"diDeps":[{"isAttribute":false,"isHost":false,"isSelf":false,"isSkipSelf":true,"isOptional":true,"token":{"identifier":{"reference":{"__symbol":9,"members":[]}}}}]},"useExisting":null,"deps":[{"isAttribute":false,"isHost":false,"isSelf":false,"isSkipSelf":true,"isOptional":true,"token":{"identifier":{"reference":{"__symbol":9,"members":[]}}}}],"multi":false},"module":{"reference":{"__symbol":18,"members":[]},"diDeps":[{"isAttribute":false,"isHost":false,"isSelf":false,"isSkipSelf":false,"isOptional":false,"token":{"identifier":{"reference":{"__symbol":1,"members":[]}}}}],"lifecycleHooks":[]}},{"provider":{"token":{"identifier":{"reference":{"__symbol":19,"members":[]}}},"useClass":null,"useValue":{"__symbol":28,"members":[]},"useFactory":null,"useExisting":null,"multi":true},"module":{"reference":{"__symbol":18,"members":[]},"diDeps":[{"isAttribute":false,"isHost":false,"isSelf":false,"isSkipSelf":false,"isOptional":false,"token":{"identifier":{"reference":{"__symbol":1,"members":[]}}}}],"lifecycleHooks":[]}},{"provider":{"token":{"identifier":{"reference":{"__symbol":29,"members":[]}}},"useClass":null,"useFactory":null,"useExisting":{"identifier":{"reference":{"__symbol":30,"members":[]}}},"multi":false},"module":{"reference":{"__symbol":31,"members":[]},"diDeps":[{"isAttribute":false,"isHost":false,"isSelf":false,"isSkipSelf":true,"isOptional":true,"token":{"identifier":{"reference":{"__symbol":31,"members":[]}}}}],"lifecycleHooks":[]}},{"provider":{"token":{"identifier":{"reference":{"__symbol":30,"members":[]}}},"useClass":{"reference":{"__symbol":32,"members":[]},"diDeps":[{"isAttribute":false,"isHost":false,"isSelf":false,"isSkipSelf":false,"isOptional":false,"token":{"identifier":{"reference":{"__symbol":33,"members":[]}}}}],"lifecycleHooks":[]},"useFactory":null,"useExisting":null,"deps":[{"isAttribute":false,"isHost":false,"isSelf":false,"isSkipSelf":false,"isOptional":false,"token":{"identifier":{"reference":{"__symbol":33,"members":[]}}}}],"multi":false},"module":{"reference":{"__symbol":31,"members":[]},"diDeps":[{"isAttribute":false,"isHost":false,"isSelf":false,"isSkipSelf":true,"isOptional":true,"token":{"identifier":{"reference":{"__symbol":31,"members":[]}}}}],"lifecycleHooks":[]}},{"provider":{"token":{"identifier":{"reference":{"__symbol":15,"members":[]}}},"useClass":null,"useFactory":{"reference":{"__symbol":34,"members":[]},"diDeps":[]},"useExisting":null,"deps":[],"multi":false},"module":{"reference":{"__symbol":31,"members":[]},"diDeps":[{"isAttribute":false,"isHost":false,"isSelf":false,"isSkipSelf":true,"isOptional":true,"token":{"identifier":{"reference":{"__symbol":31,"members":[]}}}}],"lifecycleHooks":[]}},{"provider":{"token":{"identifier":{"reference":{"__symbol":35,"members":[]}}},"useClass":{"reference":{"__symbol":36,"members":[]},"diDeps":[{"isAttribute":false,"isHost":false,"isSelf":false,"isSkipSelf":false,"isOptional":false,"token":{"identifier":{"reference":{"__symbol":33,"members":[]}}}}],"lifecycleHooks":[]},"useFactory":null,"useExisting":null,"deps":[{"isAttribute":false,"isHost":false,"isSelf":false,"isSkipSelf":false,"isOptional":false,"token":{"identifier":{"reference":{"__symbol":33,"members":[]}}}}],"multi":true},"module":{"reference":{"__symbol":31,"members":[]},"diDeps":[{"isAttribute":false,"isHost":false,"isSelf":false,"isSkipSelf":true,"isOptional":true,"token":{"identifier":{"reference":{"__symbol":31,"members":[]}}}}],"lifecycleHooks":[]}},{"provider":{"token":{"identifier":{"reference":{"__symbol":35,"members":[]}}},"useClass":{"reference":{"__symbol":37,"members":[]},"diDeps":[{"isAttribute":false,"isHost":false,"isSelf":false,"isSkipSelf":false,"isOptional":false,"token":{"identifier":{"reference":{"__symbol":33,"members":[]}}}}],"lifecycleHooks":[]},"useFactory":null,"useExisting":null,"deps":[{"isAttribute":false,"isHost":false,"isSelf":false,"isSkipSelf":false,"isOptional":false,"token":{"identifier":{"reference":{"__symbol":33,"members":[]}}}}],"multi":true},"module":{"reference":{"__symbol":31,"members":[]},"diDeps":[{"isAttribute":false,"isHost":false,"isSelf":false,"isSkipSelf":true,"isOptional":true,"token":{"identifier":{"reference":{"__symbol":31,"members":[]}}}}],"lifecycleHooks":[]}},{"provider":{"token":{"identifier":{"reference":{"__symbol":35,"members":[]}}},"useClass":{"reference":{"__symbol":38,"members":[]},"diDeps":[{"isAttribute":false,"isHost":false,"isSelf":false,"isSkipSelf":false,"isOptional":false,"token":{"identifier":{"reference":{"__symbol":33,"members":[]}}}},{"isAttribute":false,"isHost":false,"isSelf":false,"isSkipSelf":false,"isOptional":false,"token":{"identifier":{"reference":{"__symbol":39,"members":[]}}}}],"lifecycleHooks":[]},"useFactory":null,"useExisting":null,"deps":[{"isAttribute":false,"isHost":false,"isSelf":false,"isSkipSelf":false,"isOptional":false,"token":{"identifier":{"reference":{"__symbol":33,"members":[]}}}},{"isAttribute":false,"isHost":false,"isSelf":false,"isSkipSelf":false,"isOptional":false,"token":{"identifier":{"reference":{"__symbol":39,"members":[]}}}}],"multi":true},"module":{"reference":{"__symbol":31,"members":[]},"diDeps":[{"isAttribute":false,"isHost":false,"isSelf":false,"isSkipSelf":true,"isOptional":true,"token":{"identifier":{"reference":{"__symbol":31,"members":[]}}}}],"lifecycleHooks":[]}},{"provider":{"token":{"identifier":{"reference":{"__symbol":39,"members":[]}}},"useClass":{"reference":{"__symbol":40,"members":[]},"diDeps":[],"lifecycleHooks":[]},"useFactory":null,"useExisting":null,"deps":[],"multi":false},"module":{"reference":{"__symbol":31,"members":[]},"diDeps":[{"isAttribute":false,"isHost":false,"isSelf":false,"isSkipSelf":true,"isOptional":true,"token":{"identifier":{"reference":{"__symbol":31,"members":[]}}}}],"lifecycleHooks":[]}},{"provider":{"token":{"identifier":{"reference":{"__symbol":41,"members":[]},"diDeps":[{"isAttribute":false,"isHost":false,"isSelf":false,"isSkipSelf":false,"isOptional":false,"token":{"identifier":{"reference":{"__symbol":42,"members":[]}}}},{"isAttribute":false,"isHost":false,"isSelf":false,"isSkipSelf":false,"isOptional":false,"token":{"identifier":{"reference":{"__symbol":43,"members":[]}}}}],"lifecycleHooks":[]}},"useClass":{"reference":{"__symbol":41,"members":[]},"diDeps":[{"isAttribute":false,"isHost":false,"isSelf":false,"isSkipSelf":false,"isOptional":false,"token":{"identifier":{"reference":{"__symbol":42,"members":[]}}}},{"isAttribute":false,"isHost":false,"isSelf":false,"isSkipSelf":false,"isOptional":false,"token":{"identifier":{"reference":{"__symbol":43,"members":[]}}}}],"lifecycleHooks":[]},"useFactory":null,"useExisting":null,"deps":[{"isAttribute":false,"isHost":false,"isSelf":false,"isSkipSelf":false,"isOptional":false,"token":{"identifier":{"reference":{"__symbol":42,"members":[]}}}},{"isAttribute":false,"isHost":false,"isSelf":false,"isSkipSelf":false,"isOptional":false,"token":{"identifier":{"reference":{"__symbol":43,"members":[]}}}}],"multi":false},"module":{"reference":{"__symbol":31,"members":[]},"diDeps":[{"isAttribute":false,"isHost":false,"isSelf":false,"isSkipSelf":true,"isOptional":true,"token":{"identifier":{"reference":{"__symbol":31,"members":[]}}}}],"lifecycleHooks":[]}},{"provider":{"token":{"identifier":{"reference":{"__symbol":44,"members":[]}}},"useClass":null,"useFactory":null,"useExisting":{"identifier":{"reference":{"__symbol":41,"members":[]}}},"multi":false},"module":{"reference":{"__symbol":31,"members":[]},"diDeps":[{"isAttribute":false,"isHost":false,"isSelf":false,"isSkipSelf":true,"isOptional":true,"token":{"identifier":{"reference":{"__symbol":31,"members":[]}}}}],"lifecycleHooks":[]}},{"provider":{"token":{"identifier":{"reference":{"__symbol":45,"members":[]}}},"useClass":null,"useFactory":null,"useExisting":{"identifier":{"reference":{"__symbol":43,"members":[]}}},"multi":false},"module":{"reference":{"__symbol":31,"members":[]},"diDeps":[{"isAttribute":false,"isHost":false,"isSelf":false,"isSkipSelf":true,"isOptional":true,"token":{"identifier":{"reference":{"__symbol":31,"members":[]}}}}],"lifecycleHooks":[]}},{"provider":{"token":{"identifier":{"reference":{"__symbol":43,"members":[]},"diDeps":[{"isAttribute":false,"isHost":false,"isSelf":false,"isSkipSelf":false,"isOptional":false,"token":{"identifier":{"reference":{"__symbol":33,"members":[]}}}}],"lifecycleHooks":[1]}},"useClass":{"reference":{"__symbol":43,"members":[]},"diDeps":[{"isAttribute":false,"isHost":false,"isSelf":false,"isSkipSelf":false,"isOptional":false,"token":{"identifier":{"reference":{"__symbol":33,"members":[]}}}}],"lifecycleHooks":[1]},"useFactory":null,"useExisting":null,"deps":[{"isAttribute":false,"isHost":false,"isSelf":false,"isSkipSelf":false,"isOptional":false,"token":{"identifier":{"reference":{"__symbol":33,"members":[]}}}}],"multi":false},"module":{"reference":{"__symbol":31,"members":[]},"diDeps":[{"isAttribute":false,"isHost":false,"isSelf":false,"isSkipSelf":true,"isOptional":true,"token":{"identifier":{"reference":{"__symbol":31,"members":[]}}}}],"lifecycleHooks":[]}},{"provider":{"token":{"identifier":{"reference":{"__symbol":46,"members":[]},"diDeps":[{"isAttribute":false,"isHost":false,"isSelf":false,"isSkipSelf":false,"isOptional":false,"token":{"identifier":{"reference":{"__symbol":12,"members":[]}}}}],"lifecycleHooks":[]}},"useClass":{"reference":{"__symbol":46,"members":[]},"diDeps":[{"isAttribute":false,"isHost":false,"isSelf":false,"isSkipSelf":false,"isOptional":false,"token":{"identifier":{"reference":{"__symbol":12,"members":[]}}}}],"lifecycleHooks":[]},"useFactory":null,"useExisting":null,"deps":[{"isAttribute":false,"isHost":false,"isSelf":false,"isSkipSelf":false,"isOptional":false,"token":{"identifier":{"reference":{"__symbol":12,"members":[]}}}}],"multi":false},"module":{"reference":{"__symbol":31,"members":[]},"diDeps":[{"isAttribute":false,"isHost":false,"isSelf":false,"isSkipSelf":true,"isOptional":true,"token":{"identifier":{"reference":{"__symbol":31,"members":[]}}}}],"lifecycleHooks":[]}},{"provider":{"token":{"identifier":{"reference":{"__symbol":42,"members":[]},"diDeps":[{"isAttribute":false,"isHost":false,"isSelf":false,"isSkipSelf":false,"isOptional":false,"token":{"identifier":{"reference":{"__symbol":35,"members":[]}}}},{"isAttribute":false,"isHost":false,"isSelf":false,"isSkipSelf":false,"isOptional":false,"token":{"identifier":{"reference":{"__symbol":12,"members":[]}}}}],"lifecycleHooks":[]}},"useClass":{"reference":{"__symbol":42,"members":[]},"diDeps":[{"isAttribute":false,"isHost":false,"isSelf":false,"isSkipSelf":false,"isOptional":false,"token":{"identifier":{"reference":{"__symbol":35,"members":[]}}}},{"isAttribute":false,"isHost":false,"isSelf":false,"isSkipSelf":false,"isOptional":false,"token":{"identifier":{"reference":{"__symbol":12,"members":[]}}}}],"lifecycleHooks":[]},"useFactory":null,"useExisting":null,"deps":[{"isAttribute":false,"isHost":false,"isSelf":false,"isSkipSelf":false,"isOptional":false,"token":{"identifier":{"reference":{"__symbol":35,"members":[]}}}},{"isAttribute":false,"isHost":false,"isSelf":false,"isSkipSelf":false,"isOptional":false,"token":{"identifier":{"reference":{"__symbol":12,"members":[]}}}}],"multi":false},"module":{"reference":{"__symbol":31,"members":[]},"diDeps":[{"isAttribute":false,"isHost":false,"isSelf":false,"isSkipSelf":true,"isOptional":true,"token":{"identifier":{"reference":{"__symbol":31,"members":[]}}}}],"lifecycleHooks":[]}},{"provider":{"token":{"identifier":{"reference":{"__symbol":19,"members":[]}}},"useClass":null,"useFactory":{"reference":{"__symbol":47,"members":[]},"diDeps":[{"isAttribute":false,"isHost":false,"isSelf":false,"isSkipSelf":false,"isOptional":true,"token":{"identifier":{"reference":{"__symbol":48,"members":[]}}}},{"isAttribute":false,"isHost":false,"isSelf":false,"isSkipSelf":false,"isOptional":true,"token":{"identifier":{"reference":{"__symbol":49,"members":[]}}}}]},"useExisting":null,"deps":[{"isAttribute":false,"isHost":false,"isSelf":false,"isSkipSelf":false,"isOptional":true,"token":{"identifier":{"reference":{"__symbol":48,"members":[]}}}},{"isAttribute":false,"isHost":false,"isSelf":false,"isSkipSelf":false,"isOptional":true,"token":{"identifier":{"reference":{"__symbol":49,"members":[]}}}}],"multi":true},"module":{"reference":{"__symbol":31,"members":[]},"diDeps":[{"isAttribute":false,"isHost":false,"isSelf":false,"isSkipSelf":true,"isOptional":true,"token":{"identifier":{"reference":{"__symbol":31,"members":[]}}}}],"lifecycleHooks":[]}},{"provider":{"token":{"identifier":{"reference":{"__symbol":50,"members":[]},"diDeps":[{"isAttribute":false,"isHost":false,"isSelf":false,"isSkipSelf":false,"isOptional":false,"token":{"identifier":{"reference":{"__symbol":33,"members":[]}}}}],"lifecycleHooks":[]}},"useClass":{"reference":{"__symbol":50,"members":[]},"diDeps":[{"isAttribute":false,"isHost":false,"isSelf":false,"isSkipSelf":false,"isOptional":false,"token":{"identifier":{"reference":{"__symbol":33,"members":[]}}}}],"lifecycleHooks":[]},"useFactory":null,"useExisting":null,"deps":[{"isAttribute":false,"isHost":false,"isSelf":false,"isSkipSelf":false,"isOptional":false,"token":{"identifier":{"reference":{"__symbol":33,"members":[]}}}}],"multi":false},"module":{"reference":{"__symbol":31,"members":[]},"diDeps":[{"isAttribute":false,"isHost":false,"isSelf":false,"isSkipSelf":true,"isOptional":true,"token":{"identifier":{"reference":{"__symbol":31,"members":[]}}}}],"lifecycleHooks":[]}},{"provider":{"token":{"identifier":{"reference":{"__symbol":51,"members":[]},"diDeps":[{"isAttribute":false,"isHost":false,"isSelf":false,"isSkipSelf":false,"isOptional":false,"token":{"identifier":{"reference":{"__symbol":33,"members":[]}}}}],"lifecycleHooks":[]}},"useClass":{"reference":{"__symbol":51,"members":[]},"diDeps":[{"isAttribute":false,"isHost":false,"isSelf":false,"isSkipSelf":false,"isOptional":false,"token":{"identifier":{"reference":{"__symbol":33,"members":[]}}}}],"lifecycleHooks":[]},"useFactory":null,"useExisting":null,"deps":[{"isAttribute":false,"isHost":false,"isSelf":false,"isSkipSelf":false,"isOptional":false,"token":{"identifier":{"reference":{"__symbol":33,"members":[]}}}}],"multi":false},"module":{"reference":{"__symbol":31,"members":[]},"diDeps":[{"isAttribute":false,"isHost":false,"isSelf":false,"isSkipSelf":true,"isOptional":true,"token":{"identifier":{"reference":{"__symbol":31,"members":[]}}}}],"lifecycleHooks":[]}},{"provider":{"token":{"identifier":{"reference":{"__symbol":52,"members":[]}}},"useClass":null,"useFactory":{"reference":{"__symbol":53,"members":[]},"diDeps":[]},"useExisting":null,"deps":[],"multi":false},"module":{"reference":{"__symbol":54,"members":[]},"diDeps":[],"lifecycleHooks":[]}},{"provider":{"token":{"identifier":{"reference":{"__symbol":55,"members":[]}}},"useClass":null,"useFactory":{"reference":{"__symbol":56,"members":[]},"diDeps":[]},"useExisting":null,"deps":[],"multi":false},"module":{"reference":{"__symbol":54,"members":[]},"diDeps":[],"lifecycleHooks":[]}},{"provider":{"token":{"identifier":{"reference":{"__symbol":57,"members":[]}}},"useClass":{"reference":{"__symbol":58,"members":[]},"diDeps":[{"isAttribute":false,"isHost":false,"isSelf":false,"isSkipSelf":false,"isOptional":false,"token":{"identifier":{"reference":{"__symbol":52,"members":[]}}}},{"isAttribute":false,"isHost":false,"isSelf":false,"isSkipSelf":false,"isOptional":false,"token":{"identifier":{"reference":{"__symbol":55,"members":[]}}}}],"lifecycleHooks":[]},"useFactory":null,"useExisting":null,"deps":[{"isAttribute":false,"isHost":false,"isSelf":false,"isSkipSelf":false,"isOptional":false,"token":{"identifier":{"reference":{"__symbol":52,"members":[]}}}},{"isAttribute":false,"isHost":false,"isSelf":false,"isSkipSelf":false,"isOptional":false,"token":{"identifier":{"reference":{"__symbol":55,"members":[]}}}}],"multi":false},"module":{"reference":{"__symbol":54,"members":[]},"diDeps":[],"lifecycleHooks":[]}},{"provider":{"token":{"identifier":{"reference":{"__symbol":44,"members":[]}}},"useClass":null,"useFactory":{"reference":{"__symbol":59,"members":[]},"diDeps":[{"isAttribute":false,"isHost":false,"isSelf":false,"isSkipSelf":false,"isOptional":false,"token":{"identifier":{"reference":{"__symbol":41,"members":[]}}}},{"isAttribute":false,"isHost":false,"isSelf":false,"isSkipSelf":false,"isOptional":false,"token":{"identifier":{"reference":{"__symbol":57,"members":[]}}}},{"isAttribute":false,"isHost":false,"isSelf":false,"isSkipSelf":false,"isOptional":false,"token":{"identifier":{"reference":{"__symbol":12,"members":[]}}}}]},"useExisting":null,"deps":[{"isAttribute":false,"isHost":false,"isSelf":false,"isSkipSelf":false,"isOptional":false,"token":{"identifier":{"reference":{"__symbol":41,"members":[]}}}},{"isAttribute":false,"isHost":false,"isSelf":false,"isSkipSelf":false,"isOptional":false,"token":{"identifier":{"reference":{"__symbol":57,"members":[]}}}},{"isAttribute":false,"isHost":false,"isSelf":false,"isSkipSelf":false,"isOptional":false,"token":{"identifier":{"reference":{"__symbol":12,"members":[]}}}}],"multi":false},"module":{"reference":{"__symbol":54,"members":[]},"diDeps":[],"lifecycleHooks":[]}},{"provider":{"token":{"identifier":{"reference":{"__symbol":60,"members":[]},"diDeps":[],"lifecycleHooks":[]}},"useClass":{"reference":{"__symbol":60,"members":[]},"diDeps":[],"lifecycleHooks":[]},"useFactory":null,"useExisting":null,"deps":[],"multi":false},"module":{"reference":{"__symbol":61,"members":[]},"diDeps":[],"lifecycleHooks":[]}},{"provider":{"token":{"identifier":{"reference":{"__symbol":62,"members":[]}}},"useClass":null,"useFactory":{"reference":{"__symbol":63,"members":[]},"diDeps":[{"isAttribute":false,"isHost":false,"isSelf":false,"isSkipSelf":false,"isOptional":false,"token":{"identifier":{"reference":{"__symbol":64,"members":[]}}}},{"isAttribute":false,"isHost":false,"isSelf":false,"isSkipSelf":false,"isOptional":false,"token":{"identifier":{"reference":{"__symbol":65,"members":[]}}}}]},"useExisting":null,"deps":[{"isAttribute":false,"isHost":false,"isSelf":false,"isSkipSelf":false,"isOptional":false,"token":{"identifier":{"reference":{"__symbol":64,"members":[]}}}},{"isAttribute":false,"isHost":false,"isSelf":false,"isSkipSelf":false,"isOptional":false,"token":{"identifier":{"reference":{"__symbol":65,"members":[]}}}}],"multi":false},"module":{"reference":{"__symbol":66,"members":[]},"diDeps":[],"lifecycleHooks":[]}},{"provider":{"token":{"identifier":{"reference":{"__symbol":67,"members":[]},"diDeps":[],"lifecycleHooks":[]}},"useClass":{"reference":{"__symbol":67,"members":[]},"diDeps":[],"lifecycleHooks":[]},"useFactory":null,"useExisting":null,"deps":[],"multi":false},"module":{"reference":{"__symbol":66,"members":[]},"diDeps":[],"lifecycleHooks":[]}},{"provider":{"token":{"identifier":{"reference":{"__symbol":65,"members":[]}}},"useClass":{"reference":{"__symbol":68,"members":[]},"diDeps":[],"lifecycleHooks":[]},"useFactory":null,"useExisting":null,"deps":[],"multi":false},"module":{"reference":{"__symbol":66,"members":[]},"diDeps":[],"lifecycleHooks":[]}},{"provider":{"token":{"identifier":{"reference":{"__symbol":69,"members":[]}}},"useClass":{"reference":{"__symbol":70,"members":[]},"diDeps":[],"lifecycleHooks":[]},"useFactory":null,"useExisting":null,"deps":[],"multi":false},"module":{"reference":{"__symbol":66,"members":[]},"diDeps":[],"lifecycleHooks":[]}},{"provider":{"token":{"identifier":{"reference":{"__symbol":64,"members":[]},"diDeps":[{"isAttribute":false,"isHost":false,"isSelf":false,"isSkipSelf":false,"isOptional":false,"token":{"identifier":{"reference":{"__symbol":67,"members":[]}}}},{"isAttribute":false,"isHost":false,"isSelf":false,"isSkipSelf":false,"isOptional":false,"token":{"identifier":{"reference":{"__symbol":69,"members":[]}}}},{"isAttribute":false,"isHost":false,"isSelf":false,"isSkipSelf":false,"isOptional":false,"token":{"identifier":{"reference":{"__symbol":71,"members":[]}}}}],"lifecycleHooks":[]}},"useClass":{"reference":{"__symbol":64,"members":[]},"diDeps":[{"isAttribute":false,"isHost":false,"isSelf":false,"isSkipSelf":false,"isOptional":false,"token":{"identifier":{"reference":{"__symbol":67,"members":[]}}}},{"isAttribute":false,"isHost":false,"isSelf":false,"isSkipSelf":false,"isOptional":false,"token":{"identifier":{"reference":{"__symbol":69,"members":[]}}}},{"isAttribute":false,"isHost":false,"isSelf":false,"isSkipSelf":false,"isOptional":false,"token":{"identifier":{"reference":{"__symbol":71,"members":[]}}}}],"lifecycleHooks":[]},"useFactory":null,"useExisting":null,"deps":[{"isAttribute":false,"isHost":false,"isSelf":false,"isSkipSelf":false,"isOptional":false,"token":{"identifier":{"reference":{"__symbol":67,"members":[]}}}},{"isAttribute":false,"isHost":false,"isSelf":false,"isSkipSelf":false,"isOptional":false,"token":{"identifier":{"reference":{"__symbol":69,"members":[]}}}},{"isAttribute":false,"isHost":false,"isSelf":false,"isSkipSelf":false,"isOptional":false,"token":{"identifier":{"reference":{"__symbol":71,"members":[]}}}}],"multi":false},"module":{"reference":{"__symbol":66,"members":[]},"diDeps":[],"lifecycleHooks":[]}},{"provider":{"token":{"identifier":{"reference":{"__symbol":71,"members":[]}}},"useClass":null,"useFactory":{"reference":{"__symbol":72,"members":[]},"diDeps":[]},"useExisting":null,"deps":[],"multi":false},"module":{"reference":{"__symbol":66,"members":[]},"diDeps":[],"lifecycleHooks":[]}},{"provider":{"token":{"identifier":{"reference":{"__symbol":73,"members":[]},"diDeps":[{"isAttribute":false,"isHost":false,"isSelf":false,"isSkipSelf":false,"isOptional":false,"token":{"identifier":{"reference":{"__symbol":74,"members":[]}}}}],"lifecycleHooks":[]}},"useClass":{"reference":{"__symbol":73,"members":[]},"diDeps":[{"isAttribute":false,"isHost":false,"isSelf":false,"isSkipSelf":false,"isOptional":false,"token":{"identifier":{"reference":{"__symbol":74,"members":[]}}}}],"lifecycleHooks":[]},"useFactory":null,"useExisting":null,"deps":[{"isAttribute":false,"isHost":false,"isSelf":false,"isSkipSelf":false,"isOptional":false,"token":{"identifier":{"reference":{"__symbol":74,"members":[]}}}}],"multi":false},"module":{"reference":{"__symbol":75,"members":[]},"diDeps":[],"lifecycleHooks":[]}},{"provider":{"token":{"identifier":{"reference":{"__symbol":76,"members":[]}}},"useClass":{"reference":{"__symbol":77,"members":[]},"diDeps":[],"lifecycleHooks":[]},"useFactory":null,"useExisting":null,"deps":[],"multi":false},"module":{"reference":{"__symbol":75,"members":[]},"diDeps":[],"lifecycleHooks":[]}},{"provider":{"token":{"identifier":{"reference":{"__symbol":78,"members":[]}}},"useClass":null,"useFactory":{"reference":{"__symbol":79,"members":[]},"diDeps":[{"isAttribute":false,"isHost":false,"isSelf":false,"isSkipSelf":false,"isOptional":false,"token":{"identifier":{"reference":{"__symbol":1,"members":[]}}}},{"isAttribute":false,"isHost":false,"isSelf":false,"isSkipSelf":false,"isOptional":false,"token":{"identifier":{"reference":{"__symbol":76,"members":[]}}}},{"isAttribute":false,"isHost":false,"isSelf":false,"isSkipSelf":false,"isOptional":false,"token":{"identifier":{"reference":{"__symbol":80,"members":[]}}}},{"isAttribute":false,"isHost":false,"isSelf":false,"isSkipSelf":false,"isOptional":false,"token":{"identifier":{"reference":{"__symbol":73,"members":[]}}}},{"isAttribute":false,"isHost":false,"isSelf":false,"isSkipSelf":false,"isOptional":false,"token":{"identifier":{"reference":{"__symbol":14,"members":[]}}}},{"isAttribute":false,"isHost":false,"isSelf":false,"isSkipSelf":false,"isOptional":false,"token":{"identifier":{"reference":{"__symbol":81,"members":[]}}}},{"isAttribute":false,"isHost":false,"isSelf":false,"isSkipSelf":false,"isOptional":false,"token":{"identifier":{"reference":{"__symbol":20,"members":[]}}}},{"isAttribute":false,"isHost":false,"isSelf":false,"isSkipSelf":false,"isOptional":false,"token":{"identifier":{"reference":{"__symbol":82,"members":[]}}}},{"isAttribute":false,"isHost":false,"isSelf":false,"isSkipSelf":false,"isOptional":false,"token":{"identifier":{"reference":{"__symbol":83,"members":[]}}}},{"isAttribute":false,"isHost":false,"isSelf":false,"isSkipSelf":false,"isOptional":true,"token":{"identifier":{"reference":{"__symbol":84,"members":[]}}}},{"isAttribute":false,"isHost":false,"isSelf":false,"isSkipSelf":false,"isOptional":true,"token":{"identifier":{"reference":{"__symbol":85,"members":[]}}}}]},"useExisting":null,"deps":[{"isAttribute":false,"isHost":false,"isSelf":false,"isSkipSelf":false,"isOptional":false,"token":{"identifier":{"reference":{"__symbol":1,"members":[]}}}},{"isAttribute":false,"isHost":false,"isSelf":false,"isSkipSelf":false,"isOptional":false,"token":{"identifier":{"reference":{"__symbol":76,"members":[]}}}},{"isAttribute":false,"isHost":false,"isSelf":false,"isSkipSelf":false,"isOptional":false,"token":{"identifier":{"reference":{"__symbol":80,"members":[]}}}},{"isAttribute":false,"isHost":false,"isSelf":false,"isSkipSelf":false,"isOptional":false,"token":{"identifier":{"reference":{"__symbol":73,"members":[]}}}},{"isAttribute":false,"isHost":false,"isSelf":false,"isSkipSelf":false,"isOptional":false,"token":{"identifier":{"reference":{"__symbol":14,"members":[]}}}},{"isAttribute":false,"isHost":false,"isSelf":false,"isSkipSelf":false,"isOptional":false,"token":{"identifier":{"reference":{"__symbol":81,"members":[]}}}},{"isAttribute":false,"isHost":false,"isSelf":false,"isSkipSelf":false,"isOptional":false,"token":{"identifier":{"reference":{"__symbol":20,"members":[]}}}},{"isAttribute":false,"isHost":false,"isSelf":false,"isSkipSelf":false,"isOptional":false,"token":{"identifier":{"reference":{"__symbol":82,"members":[]}}}},{"isAttribute":false,"isHost":false,"isSelf":false,"isSkipSelf":false,"isOptional":false,"token":{"identifier":{"reference":{"__symbol":83,"members":[]}}}},{"isAttribute":false,"isHost":false,"isSelf":false,"isSkipSelf":false,"isOptional":true,"token":{"identifier":{"reference":{"__symbol":84,"members":[]}}}},{"isAttribute":false,"isHost":false,"isSelf":false,"isSkipSelf":false,"isOptional":true,"token":{"identifier":{"reference":{"__symbol":85,"members":[]}}}}],"multi":false},"module":{"reference":{"__symbol":75,"members":[]},"diDeps":[],"lifecycleHooks":[]}},{"provider":{"token":{"identifier":{"reference":{"__symbol":80,"members":[]},"diDeps":[],"lifecycleHooks":[]}},"useClass":{"reference":{"__symbol":80,"members":[]},"diDeps":[],"lifecycleHooks":[]},"useFactory":null,"useExisting":null,"deps":[],"multi":false},"module":{"reference":{"__symbol":75,"members":[]},"diDeps":[],"lifecycleHooks":[]}},{"provider":{"token":{"identifier":{"reference":{"__symbol":86,"members":[]}}},"useClass":null,"useFactory":{"reference":{"__symbol":87,"members":[]},"diDeps":[{"isAttribute":false,"isHost":false,"isSelf":false,"isSkipSelf":false,"isOptional":false,"token":{"identifier":{"reference":{"__symbol":78,"members":[]}}}}]},"useExisting":null,"deps":[{"isAttribute":false,"isHost":false,"isSelf":false,"isSkipSelf":false,"isOptional":false,"token":{"identifier":{"reference":{"__symbol":78,"members":[]}}}}],"multi":false},"module":{"reference":{"__symbol":75,"members":[]},"diDeps":[],"lifecycleHooks":[]}},{"provider":{"token":{"identifier":{"reference":{"__symbol":81,"members":[]}}},"useClass":{"reference":{"__symbol":88,"members":[]},"diDeps":[{"isAttribute":false,"isHost":false,"isSelf":false,"isSkipSelf":false,"isOptional":false,"token":{"identifier":{"reference":{"__symbol":20,"members":[]}}}},{"isAttribute":false,"isHost":false,"isSelf":false,"isSkipSelf":false,"isOptional":true,"token":{"identifier":{"reference":{"__symbol":89,"members":[]}}}}],"lifecycleHooks":[]},"useFactory":null,"useExisting":null,"deps":[{"isAttribute":false,"isHost":false,"isSelf":false,"isSkipSelf":false,"isOptional":false,"token":{"identifier":{"reference":{"__symbol":20,"members":[]}}}},{"isAttribute":false,"isHost":false,"isSelf":false,"isSkipSelf":false,"isOptional":true,"token":{"identifier":{"reference":{"__symbol":89,"members":[]}}}}],"multi":false},"module":{"reference":{"__symbol":75,"members":[]},"diDeps":[],"lifecycleHooks":[]}},{"provider":{"token":{"identifier":{"reference":{"__symbol":90,"members":[]},"diDeps":[{"isAttribute":false,"isHost":false,"isSelf":false,"isSkipSelf":false,"isOptional":false,"token":{"identifier":{"reference":{"__symbol":78,"members":[]}}}},{"isAttribute":false,"isHost":false,"isSelf":false,"isSkipSelf":false,"isOptional":false,"token":{"identifier":{"reference":{"__symbol":81,"members":[]}}}},{"isAttribute":false,"isHost":false,"isSelf":false,"isSkipSelf":false,"isOptional":false,"token":{"identifier":{"reference":{"__symbol":20,"members":[]}}}},{"isAttribute":false,"isHost":false,"isSelf":false,"isSkipSelf":false,"isOptional":false,"token":{"identifier":{"reference":{"__symbol":14,"members":[]}}}},{"isAttribute":false,"isHost":false,"isSelf":false,"isSkipSelf":false,"isOptional":false,"token":{"identifier":{"reference":{"__symbol":91,"members":[]}}}}],"lifecycleHooks":[1]}},"useClass":{"reference":{"__symbol":90,"members":[]},"diDeps":[{"isAttribute":false,"isHost":false,"isSelf":false,"isSkipSelf":false,"isOptional":false,"token":{"identifier":{"reference":{"__symbol":78,"members":[]}}}},{"isAttribute":false,"isHost":false,"isSelf":false,"isSkipSelf":false,"isOptional":false,"token":{"identifier":{"reference":{"__symbol":81,"members":[]}}}},{"isAttribute":false,"isHost":false,"isSelf":false,"isSkipSelf":false,"isOptional":false,"token":{"identifier":{"reference":{"__symbol":20,"members":[]}}}},{"isAttribute":false,"isHost":false,"isSelf":false,"isSkipSelf":false,"isOptional":false,"token":{"identifier":{"reference":{"__symbol":14,"members":[]}}}},{"isAttribute":false,"isHost":false,"isSelf":false,"isSkipSelf":false,"isOptional":false,"token":{"identifier":{"reference":{"__symbol":91,"members":[]}}}}],"lifecycleHooks":[1]},"useFactory":null,"useExisting":null,"deps":[{"isAttribute":false,"isHost":false,"isSelf":false,"isSkipSelf":false,"isOptional":false,"token":{"identifier":{"reference":{"__symbol":78,"members":[]}}}},{"isAttribute":false,"isHost":false,"isSelf":false,"isSkipSelf":false,"isOptional":false,"token":{"identifier":{"reference":{"__symbol":81,"members":[]}}}},{"isAttribute":false,"isHost":false,"isSelf":false,"isSkipSelf":false,"isOptional":false,"token":{"identifier":{"reference":{"__symbol":20,"members":[]}}}},{"isAttribute":false,"isHost":false,"isSelf":false,"isSkipSelf":false,"isOptional":false,"token":{"identifier":{"reference":{"__symbol":14,"members":[]}}}},{"isAttribute":false,"isHost":false,"isSelf":false,"isSkipSelf":false,"isOptional":false,"token":{"identifier":{"reference":{"__symbol":91,"members":[]}}}}],"multi":false},"module":{"reference":{"__symbol":75,"members":[]},"diDeps":[],"lifecycleHooks":[]}},{"provider":{"token":{"identifier":{"reference":{"__symbol":92,"members":[]},"diDeps":[],"lifecycleHooks":[]}},"useClass":{"reference":{"__symbol":92,"members":[]},"diDeps":[],"lifecycleHooks":[]},"useFactory":null,"useExisting":null,"deps":[],"multi":false},"module":{"reference":{"__symbol":75,"members":[]},"diDeps":[],"lifecycleHooks":[]}},{"provider":{"token":{"identifier":{"reference":{"__symbol":93,"members":[]},"diDeps":[],"lifecycleHooks":[]}},"useClass":{"reference":{"__symbol":93,"members":[]},"diDeps":[],"lifecycleHooks":[]},"useFactory":null,"useExisting":null,"deps":[],"multi":false},"module":{"reference":{"__symbol":75,"members":[]},"diDeps":[],"lifecycleHooks":[]}},{"provider":{"token":{"identifier":{"reference":{"__symbol":83,"members":[]}}},"useClass":null,"useValue":{"enableTracing":false},"useFactory":null,"useExisting":null,"multi":false},"module":{"reference":{"__symbol":75,"members":[]},"diDeps":[],"lifecycleHooks":[]}},{"provider":{"token":{"identifier":{"reference":{"__symbol":82,"members":[]}}},"useClass":null,"useValue":[{"path":"","component":{"__symbol":3,"members":[]},"children":[{"path":"select","loadChildren":"./select#SelectModule"},{"path":"**","redirectTo":"select"}]}],"useFactory":null,"useExisting":null,"multi":true},"module":{"reference":{"__symbol":75,"members":[]},"diDeps":[],"lifecycleHooks":[]}},{"provider":{"token":{"identifier":{"reference":{"__symbol":94,"members":[]}}},"useClass":null,"useFactory":{"reference":{"__symbol":95,"members":[]},"diDeps":[{"isAttribute":false,"isHost":false,"isSelf":false,"isSkipSelf":true,"isOptional":true,"token":{"identifier":{"reference":{"__symbol":78,"members":[]}}}}]},"useExisting":null,"deps":[{"isAttribute":false,"isHost":false,"isSelf":false,"isSkipSelf":true,"isOptional":true,"token":{"identifier":{"reference":{"__symbol":78,"members":[]}}}}],"multi":false},"module":{"reference":{"__symbol":75,"members":[]},"diDeps":[],"lifecycleHooks":[]}},{"provider":{"token":{"identifier":{"reference":{"__symbol":83,"members":[]}}},"useClass":null,"useValue":{"useHash":true},"useFactory":null,"useExisting":null,"multi":false},"module":{"reference":{"__symbol":75,"members":[]},"diDeps":[],"lifecycleHooks":[]}},{"provider":{"token":{"identifier":{"reference":{"__symbol":74,"members":[]}}},"useClass":null,"useFactory":{"reference":{"__symbol":96,"members":[]},"diDeps":[{"isAttribute":false,"isHost":false,"isSelf":false,"isSkipSelf":false,"isOptional":false,"token":{"identifier":{"reference":{"__symbol":97,"members":[]}}}},{"isAttribute":false,"isHost":false,"isSelf":false,"isSkipSelf":false,"isOptional":true,"token":{"identifier":{"reference":{"__symbol":98,"members":[]}}}},{"isAttribute":false,"isHost":false,"isSelf":false,"isSkipSelf":false,"isOptional":false,"token":{"identifier":{"reference":{"__symbol":83,"members":[]}}}}]},"useExisting":null,"deps":[{"isAttribute":false,"isHost":false,"isSelf":false,"isSkipSelf":false,"isOptional":false,"token":{"identifier":{"reference":{"__symbol":97,"members":[]}}}},{"isAttribute":false,"isHost":false,"isSelf":false,"isSkipSelf":false,"isOptional":true,"token":{"identifier":{"reference":{"__symbol":98,"members":[]}}}},{"isAttribute":false,"isHost":false,"isSelf":false,"isSkipSelf":false,"isOptional":false,"token":{"identifier":{"reference":{"__symbol":83,"members":[]}}}}],"multi":false},"module":{"reference":{"__symbol":75,"members":[]},"diDeps":[],"lifecycleHooks":[]}},{"provider":{"token":{"identifier":{"reference":{"__symbol":91,"members":[]}}},"useClass":null,"useFactory":null,"useExisting":{"identifier":{"reference":{"__symbol":92,"members":[]}}},"multi":false},"module":{"reference":{"__symbol":75,"members":[]},"diDeps":[],"lifecycleHooks":[]}},{"provider":{"token":{"identifier":{"reference":{"__symbol":49,"members":[]}}},"useClass":null,"useFactory":{"reference":{"__symbol":99,"members":[]},"diDeps":[]},"useExisting":null,"deps":[],"multi":true},"module":{"reference":{"__symbol":75,"members":[]},"diDeps":[],"lifecycleHooks":[]}},{"provider":{"token":{"identifier":{"reference":{"__symbol":100,"members":[]},"diDeps":[{"isAttribute":false,"isHost":false,"isSelf":false,"isSkipSelf":false,"isOptional":false,"token":{"identifier":{"reference":{"__symbol":14,"members":[]}}}}],"lifecycleHooks":[]}},"useClass":{"reference":{"__symbol":100,"members":[]},"diDeps":[{"isAttribute":false,"isHost":false,"isSelf":false,"isSkipSelf":false,"isOptional":false,"token":{"identifier":{"reference":{"__symbol":14,"members":[]}}}}],"lifecycleHooks":[]},"useFactory":null,"useExisting":null,"deps":[{"isAttribute":false,"isHost":false,"isSelf":false,"isSkipSelf":false,"isOptional":false,"token":{"identifier":{"reference":{"__symbol":14,"members":[]}}}}],"multi":false},"module":{"reference":{"__symbol":75,"members":[]},"diDeps":[],"lifecycleHooks":[]}},{"provider":{"token":{"identifier":{"reference":{"__symbol":19,"members":[]}}},"useClass":null,"useFactory":{"reference":{"__symbol":101,"members":[]},"diDeps":[{"isAttribute":false,"isHost":false,"isSelf":false,"isSkipSelf":false,"isOptional":false,"token":{"identifier":{"reference":{"__symbol":100,"members":[]}}}}]},"useExisting":null,"deps":[{"isAttribute":false,"isHost":false,"isSelf":false,"isSkipSelf":false,"isOptional":false,"token":{"identifier":{"reference":{"__symbol":100,"members":[]}}}}],"multi":true},"module":{"reference":{"__symbol":75,"members":[]},"diDeps":[],"lifecycleHooks":[]}},{"provider":{"token":{"identifier":{"reference":{"__symbol":102,"members":[]}}},"useClass":null,"useFactory":{"reference":{"__symbol":103,"members":[]},"diDeps":[{"isAttribute":false,"isHost":false,"isSelf":false,"isSkipSelf":false,"isOptional":false,"token":{"identifier":{"reference":{"__symbol":100,"members":[]}}}}]},"useExisting":null,"deps":[{"isAttribute":false,"isHost":false,"isSelf":false,"isSkipSelf":false,"isOptional":false,"token":{"identifier":{"reference":{"__symbol":100,"members":[]}}}}],"multi":false},"module":{"reference":{"__symbol":75,"members":[]},"diDeps":[],"lifecycleHooks":[]}},{"provider":{"token":{"identifier":{"reference":{"__symbol":104,"members":[]}}},"useClass":null,"useFactory":null,"useExisting":{"identifier":{"reference":{"__symbol":102,"members":[]}}},"multi":true},"module":{"reference":{"__symbol":75,"members":[]},"diDeps":[],"lifecycleHooks":[]}},{"provider":{"token":{"identifier":{"reference":{"__symbol":2,"members":[]},"diDeps":[],"lifecycleHooks":[]}},"useClass":{"reference":{"__symbol":2,"members":[]},"diDeps":[],"lifecycleHooks":[]},"useFactory":null,"useExisting":null,"deps":[],"multi":false},"module":{"reference":{"__symbol":0,"members":[]},"diDeps":[{"isAttribute":false,"isHost":false,"isSelf":false,"isSkipSelf":false,"isOptional":false,"token":{"identifier":{"reference":{"__symbol":1,"members":[]}}}},{"isAttribute":false,"isHost":false,"isSelf":false,"isSkipSelf":false,"isOptional":false,"token":{"identifier":{"reference":{"__symbol":2,"members":[]}}}}],"lifecycleHooks":[]}}],"modules":[{"reference":{"__symbol":10,"members":[]},"diDeps":[],"lifecycleHooks":[]},{"reference":{"__symbol":18,"members":[]},"diDeps":[{"isAttribute":false,"isHost":false,"isSelf":false,"isSkipSelf":false,"isOptional":false,"token":{"identifier":{"reference":{"__symbol":1,"members":[]}}}}],"lifecycleHooks":[]},{"reference":{"__symbol":31,"members":[]},"diDeps":[{"isAttribute":false,"isHost":false,"isSelf":false,"isSkipSelf":true,"isOptional":true,"token":{"identifier":{"reference":{"__symbol":31,"members":[]}}}}],"lifecycleHooks":[]},{"reference":{"__symbol":54,"members":[]},"diDeps":[],"lifecycleHooks":[]},{"reference":{"__symbol":105,"members":[]},"diDeps":[],"lifecycleHooks":[]},{"reference":{"__symbol":61,"members":[]},"diDeps":[],"lifecycleHooks":[]},{"reference":{"__symbol":66,"members":[]},"diDeps":[],"lifecycleHooks":[]},{"reference":{"__symbol":106,"members":[]},"diDeps":[{"isAttribute":false,"isHost":false,"isSelf":false,"isSkipSelf":false,"isOptional":true,"token":{"identifier":{"reference":{"__symbol":94,"members":[]}}}},{"isAttribute":false,"isHost":false,"isSelf":false,"isSkipSelf":false,"isOptional":true,"token":{"identifier":{"reference":{"__symbol":78,"members":[]}}}}],"lifecycleHooks":[]},{"reference":{"__symbol":75,"members":[]},"diDeps":[],"lifecycleHooks":[]},{"reference":{"__symbol":0,"members":[]},"diDeps":[{"isAttribute":false,"isHost":false,"isSelf":false,"isSkipSelf":false,"isOptional":false,"token":{"identifier":{"reference":{"__symbol":1,"members":[]}}}},{"isAttribute":false,"isHost":false,"isSelf":false,"isSkipSelf":false,"isOptional":false,"token":{"identifier":{"reference":{"__symbol":2,"members":[]}}}}],"lifecycleHooks":[]}],"exportedDirectives":[],"exportedPipes":[]}}],"symbols":[{"__symbol":0,"name":"AppModule","filePath":"/Users/zhaoxinliu/ng-kux/src/app/app.module.d.ts"},{"__symbol":1,"name":"ApplicationRef","filePath":"/Users/zhaoxinliu/ng-kux/node_modules/@angular/core/core.d.ts"},{"__symbol":2,"name":"AppState","filePath":"/Users/zhaoxinliu/ng-kux/src/app/app.service.d.ts"},{"__symbol":3,"name":"AppRouteComponent","filePath":"/Users/zhaoxinliu/ng-kux/src/app/app.component.d.ts"},{"__symbol":4,"name":"AppRouteComponentNgFactory","filePath":"/Users/zhaoxinliu/ng-kux/src/app/app.component.ngfactory.d.ts"},{"__symbol":5,"name":"AppComponent","filePath":"/Users/zhaoxinliu/ng-kux/src/app/app.component.d.ts"},{"__symbol":6,"name":"AppComponentNgFactory","filePath":"/Users/zhaoxinliu/ng-kux/src/app/app.component.ngfactory.d.ts"},{"__symbol":7,"name":"NgLocalization","filePath":"/Users/zhaoxinliu/ng-kux/node_modules/@angular/common/common.d.ts"},{"__symbol":8,"name":"NgLocaleLocalization","filePath":"/Users/zhaoxinliu/ng-kux/node_modules/@angular/common/common.d.ts"},{"__symbol":9,"name":"LOCALE_ID","filePath":"/Users/zhaoxinliu/ng-kux/node_modules/@angular/core/core.d.ts"},{"__symbol":10,"name":"CommonModule","filePath":"/Users/zhaoxinliu/ng-kux/node_modules/@angular/common/common.d.ts"},{"__symbol":11,"name":"ɵf","filePath":"/Users/zhaoxinliu/ng-kux/node_modules/@angular/core/core.d.ts"},{"__symbol":12,"name":"NgZone","filePath":"/Users/zhaoxinliu/ng-kux/node_modules/@angular/core/core.d.ts"},{"__symbol":13,"name":"ɵConsole","filePath":"/Users/zhaoxinliu/ng-kux/node_modules/@angular/core/core.d.ts"},{"__symbol":14,"name":"Injector","filePath":"/Users/zhaoxinliu/ng-kux/node_modules/@angular/core/core.d.ts"},{"__symbol":15,"name":"ErrorHandler","filePath":"/Users/zhaoxinliu/ng-kux/node_modules/@angular/core/core.d.ts"},{"__symbol":16,"name":"ComponentFactoryResolver","filePath":"/Users/zhaoxinliu/ng-kux/node_modules/@angular/core/core.d.ts"},{"__symbol":17,"name":"ApplicationInitStatus","filePath":"/Users/zhaoxinliu/ng-kux/node_modules/@angular/core/core.d.ts"},{"__symbol":18,"name":"ApplicationModule","filePath":"/Users/zhaoxinliu/ng-kux/node_modules/@angular/core/core.d.ts"},{"__symbol":19,"name":"APP_INITIALIZER","filePath":"/Users/zhaoxinliu/ng-kux/node_modules/@angular/core/core.d.ts"},{"__symbol":20,"name":"Compiler","filePath":"/Users/zhaoxinliu/ng-kux/node_modules/@angular/core/core.d.ts"},{"__symbol":21,"name":"APP_ID","filePath":"/Users/zhaoxinliu/ng-kux/node_modules/@angular/core/core.d.ts"},{"__symbol":22,"name":"ɵg","filePath":"/Users/zhaoxinliu/ng-kux/node_modules/@angular/core/core.d.ts"},{"__symbol":23,"name":"IterableDiffers","filePath":"/Users/zhaoxinliu/ng-kux/node_modules/@angular/core/core.d.ts"},{"__symbol":24,"name":"ɵl","filePath":"/Users/zhaoxinliu/ng-kux/node_modules/@angular/core/core.d.ts"},{"__symbol":25,"name":"KeyValueDiffers","filePath":"/Users/zhaoxinliu/ng-kux/node_modules/@angular/core/core.d.ts"},{"__symbol":26,"name":"ɵm","filePath":"/Users/zhaoxinliu/ng-kux/node_modules/@angular/core/core.d.ts"},{"__symbol":27,"name":"ɵn","filePath":"/Users/zhaoxinliu/ng-kux/node_modules/@angular/core/core.d.ts"},{"__symbol":28,"name":"ɵo","filePath":"/Users/zhaoxinliu/ng-kux/node_modules/@angular/core/core.d.ts"},{"__symbol":29,"name":"Sanitizer","filePath":"/Users/zhaoxinliu/ng-kux/node_modules/@angular/core/core.d.ts"},{"__symbol":30,"name":"DomSanitizer","filePath":"/Users/zhaoxinliu/ng-kux/node_modules/@angular/platform-browser/platform-browser.d.ts"},{"__symbol":31,"name":"BrowserModule","filePath":"/Users/zhaoxinliu/ng-kux/node_modules/@angular/platform-browser/platform-browser.d.ts"},{"__symbol":32,"name":"ɵe","filePath":"/Users/zhaoxinliu/ng-kux/node_modules/@angular/platform-browser/platform-browser.d.ts"},{"__symbol":33,"name":"DOCUMENT","filePath":"/Users/zhaoxinliu/ng-kux/node_modules/@angular/platform-browser/platform-browser.d.ts"},{"__symbol":34,"name":"ɵa","filePath":"/Users/zhaoxinliu/ng-kux/node_modules/@angular/platform-browser/platform-browser.d.ts"},{"__symbol":35,"name":"EVENT_MANAGER_PLUGINS","filePath":"/Users/zhaoxinliu/ng-kux/node_modules/@angular/platform-browser/platform-browser.d.ts"},{"__symbol":36,"name":"ɵDomEventsPlugin","filePath":"/Users/zhaoxinliu/ng-kux/node_modules/@angular/platform-browser/platform-browser.d.ts"},{"__symbol":37,"name":"ɵKeyEventsPlugin","filePath":"/Users/zhaoxinliu/ng-kux/node_modules/@angular/platform-browser/platform-browser.d.ts"},{"__symbol":38,"name":"ɵHammerGesturesPlugin","filePath":"/Users/zhaoxinliu/ng-kux/node_modules/@angular/platform-browser/platform-browser.d.ts"},{"__symbol":39,"name":"HAMMER_GESTURE_CONFIG","filePath":"/Users/zhaoxinliu/ng-kux/node_modules/@angular/platform-browser/platform-browser.d.ts"},{"__symbol":40,"name":"HammerGestureConfig","filePath":"/Users/zhaoxinliu/ng-kux/node_modules/@angular/platform-browser/platform-browser.d.ts"},{"__symbol":41,"name":"ɵDomRendererFactory2","filePath":"/Users/zhaoxinliu/ng-kux/node_modules/@angular/platform-browser/platform-browser.d.ts"},{"__symbol":42,"name":"EventManager","filePath":"/Users/zhaoxinliu/ng-kux/node_modules/@angular/platform-browser/platform-browser.d.ts"},{"__symbol":43,"name":"ɵDomSharedStylesHost","filePath":"/Users/zhaoxinliu/ng-kux/node_modules/@angular/platform-browser/platform-browser.d.ts"},{"__symbol":44,"name":"RendererFactory2","filePath":"/Users/zhaoxinliu/ng-kux/node_modules/@angular/core/core.d.ts"},{"__symbol":45,"name":"ɵSharedStylesHost","filePath":"/Users/zhaoxinliu/ng-kux/node_modules/@angular/platform-browser/platform-browser.d.ts"},{"__symbol":46,"name":"Testability","filePath":"/Users/zhaoxinliu/ng-kux/node_modules/@angular/core/core.d.ts"},{"__symbol":47,"name":"ɵc","filePath":"/Users/zhaoxinliu/ng-kux/node_modules/@angular/platform-browser/platform-browser.d.ts"},{"__symbol":48,"name":"NgProbeToken","filePath":"/Users/zhaoxinliu/ng-kux/node_modules/@angular/platform-browser/platform-browser.d.ts"},{"__symbol":49,"name":"NgProbeToken","filePath":"/Users/zhaoxinliu/ng-kux/node_modules/@angular/core/core.d.ts"},{"__symbol":50,"name":"Meta","filePath":"/Users/zhaoxinliu/ng-kux/node_modules/@angular/platform-browser/platform-browser.d.ts"},{"__symbol":51,"name":"Title","filePath":"/Users/zhaoxinliu/ng-kux/node_modules/@angular/platform-browser/platform-browser.d.ts"},{"__symbol":52,"name":"AnimationDriver","filePath":"/Users/zhaoxinliu/ng-kux/node_modules/@angular/animations/browser/index.d.ts"},{"__symbol":53,"name":"ɵb","filePath":"/Users/zhaoxinliu/ng-kux/node_modules/@angular/platform-browser/animations/index.d.ts"},{"__symbol":54,"name":"BrowserAnimationsModule","filePath":"/Users/zhaoxinliu/ng-kux/node_modules/@angular/platform-browser/animations/index.d.ts"},{"__symbol":55,"name":"ɵAnimationStyleNormalizer","filePath":"/Users/zhaoxinliu/ng-kux/node_modules/@angular/animations/browser/index.d.ts"},{"__symbol":56,"name":"ɵc","filePath":"/Users/zhaoxinliu/ng-kux/node_modules/@angular/platform-browser/animations/index.d.ts"},{"__symbol":57,"name":"ɵAnimationEngine","filePath":"/Users/zhaoxinliu/ng-kux/node_modules/@angular/animations/browser/index.d.ts"},{"__symbol":58,"name":"ɵa","filePath":"/Users/zhaoxinliu/ng-kux/node_modules/@angular/platform-browser/animations/index.d.ts"},{"__symbol":59,"name":"ɵd","filePath":"/Users/zhaoxinliu/ng-kux/node_modules/@angular/platform-browser/animations/index.d.ts"},{"__symbol":60,"name":"ɵi","filePath":"/Users/zhaoxinliu/ng-kux/node_modules/@angular/forms/forms.d.ts"},{"__symbol":61,"name":"FormsModule","filePath":"/Users/zhaoxinliu/ng-kux/node_modules/@angular/forms/forms.d.ts"},{"__symbol":62,"name":"Http","filePath":"/Users/zhaoxinliu/ng-kux/node_modules/@angular/http/http.d.ts"},{"__symbol":63,"name":"ɵc","filePath":"/Users/zhaoxinliu/ng-kux/node_modules/@angular/http/http.d.ts"},{"__symbol":64,"name":"XHRBackend","filePath":"/Users/zhaoxinliu/ng-kux/node_modules/@angular/http/http.d.ts"},{"__symbol":65,"name":"RequestOptions","filePath":"/Users/zhaoxinliu/ng-kux/node_modules/@angular/http/http.d.ts"},{"__symbol":66,"name":"HttpModule","filePath":"/Users/zhaoxinliu/ng-kux/node_modules/@angular/http/http.d.ts"},{"__symbol":67,"name":"BrowserXhr","filePath":"/Users/zhaoxinliu/ng-kux/node_modules/@angular/http/http.d.ts"},{"__symbol":68,"name":"BaseRequestOptions","filePath":"/Users/zhaoxinliu/ng-kux/node_modules/@angular/http/http.d.ts"},{"__symbol":69,"name":"ResponseOptions","filePath":"/Users/zhaoxinliu/ng-kux/node_modules/@angular/http/http.d.ts"},{"__symbol":70,"name":"BaseResponseOptions","filePath":"/Users/zhaoxinliu/ng-kux/node_modules/@angular/http/http.d.ts"},{"__symbol":71,"name":"XSRFStrategy","filePath":"/Users/zhaoxinliu/ng-kux/node_modules/@angular/http/http.d.ts"},{"__symbol":72,"name":"ɵb","filePath":"/Users/zhaoxinliu/ng-kux/node_modules/@angular/http/http.d.ts"},{"__symbol":73,"name":"Location","filePath":"/Users/zhaoxinliu/ng-kux/node_modules/@angular/common/common.d.ts"},{"__symbol":74,"name":"LocationStrategy","filePath":"/Users/zhaoxinliu/ng-kux/node_modules/@angular/common/common.d.ts"},{"__symbol":75,"name":"AppRoutingModule","filePath":"/Users/zhaoxinliu/ng-kux/src/app/app.routes.d.ts"},{"__symbol":76,"name":"UrlSerializer","filePath":"/Users/zhaoxinliu/ng-kux/node_modules/@angular/router/router.d.ts"},{"__symbol":77,"name":"DefaultUrlSerializer","filePath":"/Users/zhaoxinliu/ng-kux/node_modules/@angular/router/router.d.ts"},{"__symbol":78,"name":"Router","filePath":"/Users/zhaoxinliu/ng-kux/node_modules/@angular/router/router.d.ts"},{"__symbol":79,"name":"ɵe","filePath":"/Users/zhaoxinliu/ng-kux/node_modules/@angular/router/router.d.ts"},{"__symbol":80,"name":"RouterOutletMap","filePath":"/Users/zhaoxinliu/ng-kux/node_modules/@angular/router/router.d.ts"},{"__symbol":81,"name":"NgModuleFactoryLoader","filePath":"/Users/zhaoxinliu/ng-kux/node_modules/@angular/core/core.d.ts"},{"__symbol":82,"name":"ROUTES","filePath":"/Users/zhaoxinliu/ng-kux/node_modules/@angular/router/router.d.ts"},{"__symbol":83,"name":"ROUTER_CONFIGURATION","filePath":"/Users/zhaoxinliu/ng-kux/node_modules/@angular/router/router.d.ts"},{"__symbol":84,"name":"UrlHandlingStrategy","filePath":"/Users/zhaoxinliu/ng-kux/node_modules/@angular/router/router.d.ts"},{"__symbol":85,"name":"RouteReuseStrategy","filePath":"/Users/zhaoxinliu/ng-kux/node_modules/@angular/router/router.d.ts"},{"__symbol":86,"name":"ActivatedRoute","filePath":"/Users/zhaoxinliu/ng-kux/node_modules/@angular/router/router.d.ts"},{"__symbol":87,"name":"ɵf","filePath":"/Users/zhaoxinliu/ng-kux/node_modules/@angular/router/router.d.ts"},{"__symbol":88,"name":"SystemJsNgModuleLoader","filePath":"/Users/zhaoxinliu/ng-kux/node_modules/@angular/core/core.d.ts"},{"__symbol":89,"name":"SystemJsNgModuleLoaderConfig","filePath":"/Users/zhaoxinliu/ng-kux/node_modules/@angular/core/core.d.ts"},{"__symbol":90,"name":"RouterPreloader","filePath":"/Users/zhaoxinliu/ng-kux/node_modules/@angular/router/router.d.ts"},{"__symbol":91,"name":"PreloadingStrategy","filePath":"/Users/zhaoxinliu/ng-kux/node_modules/@angular/router/router.d.ts"},{"__symbol":92,"name":"NoPreloading","filePath":"/Users/zhaoxinliu/ng-kux/node_modules/@angular/router/router.d.ts"},{"__symbol":93,"name":"PreloadAllModules","filePath":"/Users/zhaoxinliu/ng-kux/node_modules/@angular/router/router.d.ts"},{"__symbol":94,"name":"ɵa","filePath":"/Users/zhaoxinliu/ng-kux/node_modules/@angular/router/router.d.ts"},{"__symbol":95,"name":"ɵd","filePath":"/Users/zhaoxinliu/ng-kux/node_modules/@angular/router/router.d.ts"},{"__symbol":96,"name":"ɵc","filePath":"/Users/zhaoxinliu/ng-kux/node_modules/@angular/router/router.d.ts"},{"__symbol":97,"name":"PlatformLocation","filePath":"/Users/zhaoxinliu/ng-kux/node_modules/@angular/common/common.d.ts"},{"__symbol":98,"name":"APP_BASE_HREF","filePath":"/Users/zhaoxinliu/ng-kux/node_modules/@angular/common/common.d.ts"},{"__symbol":99,"name":"ɵb","filePath":"/Users/zhaoxinliu/ng-kux/node_modules/@angular/router/router.d.ts"},{"__symbol":100,"name":"ɵg","filePath":"/Users/zhaoxinliu/ng-kux/node_modules/@angular/router/router.d.ts"},{"__symbol":101,"name":"ɵh","filePath":"/Users/zhaoxinliu/ng-kux/node_modules/@angular/router/router.d.ts"},{"__symbol":102,"name":"ROUTER_INITIALIZER","filePath":"/Users/zhaoxinliu/ng-kux/node_modules/@angular/router/router.d.ts"},{"__symbol":103,"name":"ɵi","filePath":"/Users/zhaoxinliu/ng-kux/node_modules/@angular/router/router.d.ts"},{"__symbol":104,"name":"APP_BOOTSTRAP_LISTENER","filePath":"/Users/zhaoxinliu/ng-kux/node_modules/@angular/core/core.d.ts"},{"__symbol":105,"name":"ɵba","filePath":"/Users/zhaoxinliu/ng-kux/node_modules/@angular/forms/forms.d.ts"},{"__symbol":106,"name":"RouterModule","filePath":"/Users/zhaoxinliu/ng-kux/node_modules/@angular/router/router.d.ts"}]}