{"summaries":[{"symbol":{"__symbol":0,"members":[]},"metadata":{"__symbolic":"call","expression":{"__symbol":1,"members":[]},"arguments":["fadeInOut",[{"__symbolic":"call","expression":{"__symbol":2,"members":[]},"arguments":["in",{"__symbolic":"call","expression":{"__symbol":3,"members":[]},"arguments":[{"opacity":1}]}]},{"__symbolic":"call","expression":{"__symbol":2,"members":[]},"arguments":["void",{"__symbolic":"call","expression":{"__symbol":3,"members":[]},"arguments":[{"opacity":0}]}]},{"__symbolic":"call","expression":{"__symbol":4,"members":[]},"arguments":["void => *",[{"__symbolic":"call","expression":{"__symbol":5,"members":[]},"arguments":["0.2s",{"__symbolic":"call","expression":{"__symbol":3,"members":[]},"arguments":[{"opacity":1}]}]}]]},{"__symbolic":"call","expression":{"__symbol":4,"members":[]},"arguments":["* => void",[{"__symbolic":"call","expression":{"__symbol":5,"members":[]},"arguments":["0.2s",{"__symbolic":"call","expression":{"__symbol":3,"members":[]},"arguments":[{"opacity":0}]}]}]]}]]}}],"symbols":[{"__symbol":0,"name":"fadeInOut","filePath":"/Users/zhaoxinliu/ng-kux/src/ng-kux/animate.d.ts"},{"__symbol":1,"name":"trigger","filePath":"/Users/zhaoxinliu/ng-kux/node_modules/@angular/core/core.d.ts"},{"__symbol":2,"name":"state","filePath":"/Users/zhaoxinliu/ng-kux/node_modules/@angular/core/core.d.ts"},{"__symbol":3,"name":"style","filePath":"/Users/zhaoxinliu/ng-kux/node_modules/@angular/core/core.d.ts"},{"__symbol":4,"name":"transition","filePath":"/Users/zhaoxinliu/ng-kux/node_modules/@angular/core/core.d.ts"},{"__symbol":5,"name":"animate","filePath":"/Users/zhaoxinliu/ng-kux/node_modules/@angular/core/core.d.ts"}]}