{"summaries":[{"symbol":{"__symbol":0,"members":[]},"metadata":{"__symbolic":"class"},"type":{"summaryKind":2,"type":{"reference":{"__symbol":0,"members":[]},"diDeps":[],"lifecycleHooks":[]},"entryComponents":[{"componentType":{"__symbol":1,"members":[]},"componentFactory":{"__symbol":2,"members":[]}}],"providers":[{"provider":{"token":{"identifier":{"reference":{"__symbol":3,"members":[]}}},"useClass":{"reference":{"__symbol":4,"members":[]},"diDeps":[{"isAttribute":false,"isHost":false,"isSelf":false,"isSkipSelf":false,"isOptional":false,"token":{"identifier":{"reference":{"__symbol":5,"members":[]}}}}],"lifecycleHooks":[]},"useFactory":null,"useExisting":null,"deps":[{"isAttribute":false,"isHost":false,"isSelf":false,"isSkipSelf":false,"isOptional":false,"token":{"identifier":{"reference":{"__symbol":5,"members":[]}}}}],"multi":false},"module":{"reference":{"__symbol":6,"members":[]},"diDeps":[],"lifecycleHooks":[]}},{"provider":{"token":{"identifier":{"reference":{"__symbol":7,"members":[]},"diDeps":[],"lifecycleHooks":[]}},"useClass":{"reference":{"__symbol":7,"members":[]},"diDeps":[],"lifecycleHooks":[]},"useFactory":null,"useExisting":null,"deps":[],"multi":false},"module":{"reference":{"__symbol":8,"members":[]},"diDeps":[],"lifecycleHooks":[]}},{"provider":{"token":{"identifier":{"reference":{"__symbol":9,"members":[]}}},"useClass":null,"useValue":[{"path":"","component":{"__symbol":1,"members":[]}}],"useFactory":null,"useExisting":null,"multi":true},"module":{"reference":{"__symbol":0,"members":[]},"diDeps":[],"lifecycleHooks":[]}}],"modules":[{"reference":{"__symbol":6,"members":[]},"diDeps":[],"lifecycleHooks":[]},{"reference":{"__symbol":10,"members":[]},"diDeps":[],"lifecycleHooks":[]},{"reference":{"__symbol":8,"members":[]},"diDeps":[],"lifecycleHooks":[]},{"reference":{"__symbol":11,"members":[]},"diDeps":[],"lifecycleHooks":[]},{"reference":{"__symbol":12,"members":[]},"diDeps":[{"isAttribute":false,"isHost":false,"isSelf":false,"isSkipSelf":false,"isOptional":true,"token":{"identifier":{"reference":{"__symbol":13,"members":[]}}}},{"isAttribute":false,"isHost":false,"isSelf":false,"isSkipSelf":false,"isOptional":true,"token":{"identifier":{"reference":{"__symbol":14,"members":[]}}}}],"lifecycleHooks":[]},{"reference":{"__symbol":0,"members":[]},"diDeps":[],"lifecycleHooks":[]}],"exportedDirectives":[],"exportedPipes":[]}}],"symbols":[{"__symbol":0,"name":"SelectModule","filePath":"/Users/zhaoxinliu/ng-kux/src/app/select/index.d.ts"},{"__symbol":1,"name":"SelectComponent","filePath":"/Users/zhaoxinliu/ng-kux/src/app/select/select.component.d.ts"},{"__symbol":2,"name":"SelectComponentNgFactory","filePath":"/Users/zhaoxinliu/ng-kux/src/app/select/select.component.ngfactory.d.ts"},{"__symbol":3,"name":"NgLocalization","filePath":"/Users/zhaoxinliu/ng-kux/node_modules/@angular/common/common.d.ts"},{"__symbol":4,"name":"NgLocaleLocalization","filePath":"/Users/zhaoxinliu/ng-kux/node_modules/@angular/common/common.d.ts"},{"__symbol":5,"name":"LOCALE_ID","filePath":"/Users/zhaoxinliu/ng-kux/node_modules/@angular/core/core.d.ts"},{"__symbol":6,"name":"CommonModule","filePath":"/Users/zhaoxinliu/ng-kux/node_modules/@angular/common/common.d.ts"},{"__symbol":7,"name":"ɵi","filePath":"/Users/zhaoxinliu/ng-kux/node_modules/@angular/forms/forms.d.ts"},{"__symbol":8,"name":"FormsModule","filePath":"/Users/zhaoxinliu/ng-kux/node_modules/@angular/forms/forms.d.ts"},{"__symbol":9,"name":"ROUTES","filePath":"/Users/zhaoxinliu/ng-kux/node_modules/@angular/router/router.d.ts"},{"__symbol":10,"name":"ɵba","filePath":"/Users/zhaoxinliu/ng-kux/node_modules/@angular/forms/forms.d.ts"},{"__symbol":11,"name":"KuxSelectModule","filePath":"/Users/zhaoxinliu/ng-kux/src/ng-kux/select/index.d.ts"},{"__symbol":12,"name":"RouterModule","filePath":"/Users/zhaoxinliu/ng-kux/node_modules/@angular/router/router.d.ts"},{"__symbol":13,"name":"ɵa","filePath":"/Users/zhaoxinliu/ng-kux/node_modules/@angular/router/router.d.ts"},{"__symbol":14,"name":"Router","filePath":"/Users/zhaoxinliu/ng-kux/node_modules/@angular/router/router.d.ts"}]}