{"summaries":[{"symbol":{"__symbol":0,"members":[]},"metadata":{"__symbolic":"class"},"type":{"summaryKind":1,"type":{"reference":{"__symbol":0,"members":[]},"diDeps":[],"lifecycleHooks":[0]},"isComponent":true,"selector":"app-select","inputs":{},"outputs":{},"hostListeners":{},"hostProperties":{},"hostAttributes":{},"providers":[],"viewProviders":[],"queries":[],"viewQueries":[],"entryComponents":[],"changeDetection":1,"template":{"animations":[],"ngContentSelectors":[],"encapsulation":0},"componentViewType":{"__symbol":1,"members":[]},"rendererType":{"__symbol":2,"members":[]},"componentFactory":{"__symbol":3,"members":[]}}}],"symbols":[{"__symbol":0,"name":"SelectComponent","filePath":"/Users/zhaoxinliu/ng-kux/src/app/select/select.component.d.ts"},{"__symbol":1,"name":"View_SelectComponent_0","filePath":"/Users/zhaoxinliu/ng-kux/src/app/select/select.component.ngfactory.d.ts"},{"__symbol":2,"name":"RenderType_SelectComponent","filePath":"/Users/zhaoxinliu/ng-kux/src/app/select/select.component.ngfactory.d.ts"},{"__symbol":3,"name":"SelectComponentNgFactory","filePath":"/Users/zhaoxinliu/ng-kux/src/app/select/select.component.ngfactory.d.ts"}]}