{"summaries":[{"symbol":{"__symbol":0,"members":[]},"metadata":{"__symbolic":"class"},"type":{"summaryKind":2,"type":{"reference":{"__symbol":0,"members":[]},"diDeps":[],"lifecycleHooks":[]},"entryComponents":[],"providers":[{"provider":{"token":{"identifier":{"reference":{"__symbol":2,"members":[]}}},"useClass":{"reference":{"__symbol":3,"members":[]},"diDeps":[{"isAttribute":false,"isHost":false,"isSelf":false,"isSkipSelf":false,"isOptional":false,"token":{"identifier":{"reference":{"__symbol":4,"members":[]}}}}],"lifecycleHooks":[]},"useFactory":null,"useExisting":null,"deps":[{"isAttribute":false,"isHost":false,"isSelf":false,"isSkipSelf":false,"isOptional":false,"token":{"identifier":{"reference":{"__symbol":4,"members":[]}}}}],"multi":false},"module":{"reference":{"__symbol":5,"members":[]},"diDeps":[],"lifecycleHooks":[]}},{"provider":{"token":{"identifier":{"reference":{"__symbol":6,"members":[]},"diDeps":[],"lifecycleHooks":[]}},"useClass":{"reference":{"__symbol":6,"members":[]},"diDeps":[],"lifecycleHooks":[]},"useFactory":null,"useExisting":null,"deps":[],"multi":false},"module":{"reference":{"__symbol":7,"members":[]},"diDeps":[],"lifecycleHooks":[]}}],"modules":[{"reference":{"__symbol":5,"members":[]},"diDeps":[],"lifecycleHooks":[]},{"reference":{"__symbol":8,"members":[]},"diDeps":[],"lifecycleHooks":[]},{"reference":{"__symbol":7,"members":[]},"diDeps":[],"lifecycleHooks":[]},{"reference":{"__symbol":0,"members":[]},"diDeps":[],"lifecycleHooks":[]}],"exportedDirectives":[{"reference":{"__symbol":9,"members":[]}}],"exportedPipes":[]}},{"symbol":{"__symbol":1,"members":[]},"metadata":{"__symbolic":"interface"}}],"symbols":[{"__symbol":0,"name":"KuxSelectModule","filePath":"/Users/zhaoxinliu/ng-kux/src/ng-kux/select/index.d.ts"},{"__symbol":1,"name":"selectOpt","filePath":"/Users/zhaoxinliu/ng-kux/src/ng-kux/select/index.d.ts"},{"__symbol":2,"name":"NgLocalization","filePath":"/Users/zhaoxinliu/ng-kux/node_modules/@angular/common/common.d.ts"},{"__symbol":3,"name":"NgLocaleLocalization","filePath":"/Users/zhaoxinliu/ng-kux/node_modules/@angular/common/common.d.ts"},{"__symbol":4,"name":"LOCALE_ID","filePath":"/Users/zhaoxinliu/ng-kux/node_modules/@angular/core/core.d.ts"},{"__symbol":5,"name":"CommonModule","filePath":"/Users/zhaoxinliu/ng-kux/node_modules/@angular/common/common.d.ts"},{"__symbol":6,"name":"ɵi","filePath":"/Users/zhaoxinliu/ng-kux/node_modules/@angular/forms/forms.d.ts"},{"__symbol":7,"name":"FormsModule","filePath":"/Users/zhaoxinliu/ng-kux/node_modules/@angular/forms/forms.d.ts"},{"__symbol":8,"name":"ɵba","filePath":"/Users/zhaoxinliu/ng-kux/node_modules/@angular/forms/forms.d.ts"},{"__symbol":9,"name":"KuxSelectComponent","filePath":"/Users/zhaoxinliu/ng-kux/src/ng-kux/select/kuxSelect.component.d.ts"}]}