{"summaries":[{"symbol":{"__symbol":0,"members":[]},"metadata":{"__symbolic":"class"},"type":{"summaryKind":1,"type":{"reference":{"__symbol":0,"members":[]},"diDeps":[{"isAttribute":false,"isHost":false,"isSelf":false,"isSkipSelf":false,"isOptional":false,"token":{"identifier":{"reference":{"__symbol":4,"members":[]}}}}],"lifecycleHooks":[]},"isComponent":false,"selector":"[kux-select-btn]","inputs":{},"outputs":{},"hostListeners":{},"hostProperties":{},"hostAttributes":{},"providers":[],"viewProviders":[],"queries":[],"viewQueries":[],"entryComponents":[],"changeDetection":null,"template":null}},{"symbol":{"__symbol":1,"members":[]},"metadata":{"__symbolic":"class"},"type":{"summaryKind":1,"type":{"reference":{"__symbol":1,"members":[]},"diDeps":[{"isAttribute":false,"isHost":false,"isSelf":true,"isSkipSelf":false,"isOptional":false,"token":{"identifier":{"reference":{"__symbol":3,"members":[]}}}},{"isAttribute":false,"isHost":false,"isSelf":false,"isSkipSelf":false,"isOptional":false,"token":{"identifier":{"reference":{"__symbol":4,"members":[]}}}}],"lifecycleHooks":[0]},"isComponent":true,"selector":"kux-select[ngModel]","inputs":{"options":"options","width":"width","optwdith":"optwdith","placeholder":"placeholder"},"outputs":{"valueChange":"valueChange"},"hostListeners":{"valueChange":"onChange($event)"},"hostProperties":{},"hostAttributes":{"class":"kux-select","style":"display:inline-block"},"providers":[{"token":{"identifier":{"reference":{"__symbol":3,"members":[]},"diDeps":[{"isAttribute":false,"isHost":true,"isSelf":false,"isSkipSelf":false,"isOptional":true,"token":{"identifier":{"reference":{"__symbol":5,"members":[]}}}},{"isAttribute":false,"isHost":false,"isSelf":true,"isSkipSelf":false,"isOptional":true,"token":{"identifier":{"reference":{"__symbol":6,"members":[]}}}},{"isAttribute":false,"isHost":false,"isSelf":true,"isSkipSelf":false,"isOptional":true,"token":{"identifier":{"reference":{"__symbol":7,"members":[]}}}},{"isAttribute":false,"isHost":false,"isSelf":true,"isSkipSelf":false,"isOptional":true,"token":{"identifier":{"reference":{"__symbol":8,"members":[]}}}}],"lifecycleHooks":[1,3]}},"useClass":{"reference":{"__symbol":3,"members":[]},"diDeps":[{"isAttribute":false,"isHost":true,"isSelf":false,"isSkipSelf":false,"isOptional":true,"token":{"identifier":{"reference":{"__symbol":5,"members":[]}}}},{"isAttribute":false,"isHost":false,"isSelf":true,"isSkipSelf":false,"isOptional":true,"token":{"identifier":{"reference":{"__symbol":6,"members":[]}}}},{"isAttribute":false,"isHost":false,"isSelf":true,"isSkipSelf":false,"isOptional":true,"token":{"identifier":{"reference":{"__symbol":7,"members":[]}}}},{"isAttribute":false,"isHost":false,"isSelf":true,"isSkipSelf":false,"isOptional":true,"token":{"identifier":{"reference":{"__symbol":8,"members":[]}}}}],"lifecycleHooks":[1,3]},"useFactory":null,"useExisting":null,"deps":[{"isAttribute":false,"isHost":true,"isSelf":false,"isSkipSelf":false,"isOptional":true,"token":{"identifier":{"reference":{"__symbol":5,"members":[]}}}},{"isAttribute":false,"isHost":false,"isSelf":true,"isSkipSelf":false,"isOptional":true,"token":{"identifier":{"reference":{"__symbol":6,"members":[]}}}},{"isAttribute":false,"isHost":false,"isSelf":true,"isSkipSelf":false,"isOptional":true,"token":{"identifier":{"reference":{"__symbol":7,"members":[]}}}},{"isAttribute":false,"isHost":false,"isSelf":true,"isSkipSelf":false,"isOptional":true,"token":{"identifier":{"reference":{"__symbol":8,"members":[]}}}}],"multi":false}],"viewProviders":[],"queries":[],"viewQueries":[{"selectors":[{"identifier":{"reference":{"__symbol":0,"members":[]}}}],"first":true,"descendants":true,"propertyName":"btn","read":null}],"entryComponents":[],"changeDetection":1,"template":{"animations":["fadeInOut"],"ngContentSelectors":[],"encapsulation":0},"componentViewType":{"__symbol":9,"members":[]},"rendererType":{"__symbol":10,"members":[]},"componentFactory":{"__symbol":11,"members":[]}}},{"symbol":{"__symbol":2,"members":[]},"metadata":{"__symbolic":"class"},"type":{"summaryKind":1,"type":{"reference":{"__symbol":2,"members":[]},"diDeps":[],"lifecycleHooks":[0]},"isComponent":true,"selector":"kux-select-opt","inputs":{"opt":"opt","width":"width"},"outputs":{"oncheck":"oncheck"},"hostListeners":{},"hostProperties":{},"hostAttributes":{},"providers":[],"viewProviders":[],"queries":[],"viewQueries":[],"entryComponents":[],"changeDetection":1,"template":{"animations":[],"ngContentSelectors":[],"encapsulation":0},"componentViewType":{"__symbol":12,"members":[]},"rendererType":{"__symbol":13,"members":[]},"componentFactory":{"__symbol":14,"members":[]}}}],"symbols":[{"__symbol":0,"name":"kuxSelectBtn","filePath":"/Users/zhaoxinliu/ng-kux/src/ng-kux/select/kuxSelect.component.d.ts"},{"__symbol":1,"name":"KuxSelectComponent","filePath":"/Users/zhaoxinliu/ng-kux/src/ng-kux/select/kuxSelect.component.d.ts"},{"__symbol":2,"name":"KuXSelectOpt","filePath":"/Users/zhaoxinliu/ng-kux/src/ng-kux/select/kuxSelect.component.d.ts"},{"__symbol":3,"name":"NgModel","filePath":"/Users/zhaoxinliu/ng-kux/node_modules/@angular/forms/forms.d.ts"},{"__symbol":4,"name":"ElementRef","filePath":"/Users/zhaoxinliu/ng-kux/node_modules/@angular/core/core.d.ts"},{"__symbol":5,"name":"ControlContainer","filePath":"/Users/zhaoxinliu/ng-kux/node_modules/@angular/forms/forms.d.ts"},{"__symbol":6,"name":"NG_VALIDATORS","filePath":"/Users/zhaoxinliu/ng-kux/node_modules/@angular/forms/forms.d.ts"},{"__symbol":7,"name":"NG_ASYNC_VALIDATORS","filePath":"/Users/zhaoxinliu/ng-kux/node_modules/@angular/forms/forms.d.ts"},{"__symbol":8,"name":"NG_VALUE_ACCESSOR","filePath":"/Users/zhaoxinliu/ng-kux/node_modules/@angular/forms/forms.d.ts"},{"__symbol":9,"name":"View_KuxSelectComponent_0","filePath":"/Users/zhaoxinliu/ng-kux/src/ng-kux/select/kuxSelect.component.ngfactory.d.ts"},{"__symbol":10,"name":"RenderType_KuxSelectComponent","filePath":"/Users/zhaoxinliu/ng-kux/src/ng-kux/select/kuxSelect.component.ngfactory.d.ts"},{"__symbol":11,"name":"KuxSelectComponentNgFactory","filePath":"/Users/zhaoxinliu/ng-kux/src/ng-kux/select/kuxSelect.component.ngfactory.d.ts"},{"__symbol":12,"name":"View_KuXSelectOpt_0","filePath":"/Users/zhaoxinliu/ng-kux/src/ng-kux/select/kuxSelect.component.ngfactory.d.ts"},{"__symbol":13,"name":"RenderType_KuXSelectOpt","filePath":"/Users/zhaoxinliu/ng-kux/src/ng-kux/select/kuxSelect.component.ngfactory.d.ts"},{"__symbol":14,"name":"KuXSelectOptNgFactory","filePath":"/Users/zhaoxinliu/ng-kux/src/ng-kux/select/kuxSelect.component.ngfactory.d.ts"}]}