{"summaries":[{"symbol":{"__symbol":0,"members":[]},"metadata":{"__symbolic":"class"},"type":{"summaryKind":1,"type":{"reference":{"__symbol":0,"members":[]},"diDeps":[],"lifecycleHooks":[0]},"isComponent":true,"selector":"app-datepicker","inputs":{},"outputs":{},"hostListeners":{},"hostProperties":{},"hostAttributes":{},"providers":[],"viewProviders":[],"queries":[],"viewQueries":[],"entryComponents":[],"changeDetection":1,"template":{"animations":[],"ngContentSelectors":[],"encapsulation":0},"componentViewType":{"__symbol":1,"members":[]},"rendererType":{"__symbol":2,"members":[]},"componentFactory":{"__symbol":3,"members":[]}}}],"symbols":[{"__symbol":0,"name":"DatepickerComponent","filePath":"/Users/zhaoxinliu/ng-kux/src/app/datepicker/datepicker.component.d.ts"},{"__symbol":1,"name":"View_DatepickerComponent_0","filePath":"/Users/zhaoxinliu/ng-kux/src/app/datepicker/datepicker.component.ngfactory.d.ts"},{"__symbol":2,"name":"RenderType_DatepickerComponent","filePath":"/Users/zhaoxinliu/ng-kux/src/app/datepicker/datepicker.component.ngfactory.d.ts"},{"__symbol":3,"name":"DatepickerComponentNgFactory","filePath":"/Users/zhaoxinliu/ng-kux/src/app/datepicker/datepicker.component.ngfactory.d.ts"}]}